﻿Designator,Footprint,Quantity,Value,LCSC Part #
_2,2f676a81-0322-4e65-8599-54a73c12dd12,1,,
,1ed5f63a-43b4-4f26-98b1-b340891fc41e,1,,
"C1, C8",0805,2,100nF,
"C2, C6",0805,2,10uF,
C3,1210,1,100uF,
"C4, C7",0805,2,1uF,
C5,0805,1,120nF,
D1,Osram_BPW34S-SMD,1,BPW34-SMD,
J2,M.2-CARD-E-22_FUNCTION_STANDARD,1,CONN E,
L1,0805,1,10uH,
"Q1, Q2",SOT-23,2,BC849,
"R1, R3",0805,2,220k,
R2,0805,1,2.2M,
R4,0805,1,4.7k,
R5,0805,1,1k,
"R6, R7",0805,2,10k,
"TP1, TP2, TP3, TP4, TP5, TP6",PinHeader_1x01_P2.54mm_Vertical,6,TestPoint,
U2,SOT-363_SC-70-6,1,LTC3525-5,
U3,LGA-28_5.2x3.8mm_P0.5mm,1,BNO055,C93216
